    [
        {
            "name": "Tareas entregadas",
            "proceso": 13,
            "maximo": 15,
            "id": 1,
        },
        {
            "name": "Tareas Matematica",
            "proceso": 12,
            "maximo": 12,
            "id": 2,
        },
        {
            "name": "Tareas Biologia",
            "proceso": 10,
            "maximo": 18,
            "id": 3,
        },
        {
            "name": "Tareas Quimica",
            "proceso": 2,
            "maximo": 10,
            "id": 4,
        }
    ]
